Company,Category,Website,Notes
Cosmic Byte,Gaming Accessories,https://www.cosmicbyte.com,Indian gaming peripherals brand; active in esports sponsorship
Redgear,Gaming Accessories,https://www.redgear.in,Indian gaming peripherals; owned by Headphone Zone group
Ant Esports,Gaming Accessories,https://www.antesports.com,Indian gaming gear and chairs; sponsors esports events
Zebronics,Consumer Electronics,https://zebronics.com,Indian peripherals and audio manufacturer
Portronics,Consumer Electronics,https://www.portronics.com,Indian consumer tech accessories
Amkette,Gaming Accessories,https://www.amkette.com,EvoFox gaming line; India-based
Green Soul Ergonomics,Gaming Accessories,https://greensoul.co.in,Indian gaming and ergonomic chairs
ASUS ROG India,PC Hardware,https://rog.asus.com/in,Republic of Gamers India; major esports sponsor
MSI India,PC Hardware,https://in.msi.com,Gaming laptops and components
Gigabyte India,PC Hardware,https://www.gigabyte.com/in,AORUS gaming line
Zotac India,PC Hardware,https://www.zotac.com,Graphics cards and mini PCs
Acer India,Laptops,https://www.acer.com/in-en,Predator and Nitro gaming laptops
Lenovo India,Laptops,https://www.lenovo.com/in,Legion gaming line
HP India,Laptops,https://www.hp.com/in-en,OMEN and Victus gaming line
Dell India,Laptops,https://www.dell.com/en-in,Alienware and G-series
realme India,Smartphones,https://www.realme.com/in,Youth-focused smartphone brand
POCO India,Smartphones,https://www.poco.in,Performance smartphones; gaming positioning
iQOO India,Smartphones,https://www.iqoo.com/in,Gaming-first smartphone brand; esports sponsor
Nothing India,Smartphones,https://in.nothing.tech,Design-led consumer tech
Infinix India,Smartphones,https://www.infinixmobility.com,Budget gaming smartphones
boAt Lifestyle,Audio,https://www.boat-lifestyle.com,India's largest audio wearables brand
Noise,Audio,https://www.gonoise.com,Indian wearables and audio
Boult Audio,Audio,https://www.boultaudio.com,Indian audio brand
Mivi,Audio,https://www.mivi.in,Made-in-India audio manufacturer
pTron,Audio,https://www.ptronindia.com,Budget audio and accessories
Red Bull India,Beverage,https://www.redbull.com/in-en,Long-running esports and gaming sponsor
Monster Energy India,Beverage,https://www.monsterenergy.com,Gaming and esports sponsorship history
Hell Energy India,Beverage,https://hellenergy.in,Energy drink brand active in India
The Whole Truth Foods,Food / FMCG,https://www.thewholetruthfoods.com,Clean-label snacks; youth audience
Yoga Bar,Food / FMCG,https://yogabars.in,Indian nutrition snacks brand
Wow Momo,Food / FMCG,https://wowmomo.in,Indian QSR chain; festival food partner potential
Bewakoof,Fashion / Streetwear,https://www.bewakoof.com,Indian youth apparel and merch
The Souled Store,Fashion / Streetwear,https://www.thesouledstore.com,Licensed pop-culture merchandise
Snitch,Fashion / Streetwear,https://www.snitch.co.in,Fast-growing Indian menswear
Jio,Telecom / Internet,https://www.jio.com,Telecom; JioGames platform
Airtel,Telecom / Internet,https://www.airtel.in,Telecom; gaming and content bundles
ACT Fibernet,Telecom / Internet,https://www.actcorp.in,Broadband; gaming-focused plans
Excitel,Telecom / Internet,https://www.excitel.com,Broadband provider targeting gamers
NODWIN Gaming,Gaming Community,https://nodwingaming.com,India's largest esports property operator
Skyesports,Gaming Community,https://skyesports.in,Indian esports tournament organiser
S8UL,Creator / Entertainment,https://s8ul.gg,Leading Indian gaming content and esports org
Global Esports,Gaming Community,https://globalesports.in,Indian esports organisation
Revenant Esports,Gaming Community,https://revenantesports.com,Indian esports organisation
Orangutan,Gaming Community,https://orangutan.gg,Indian esports organisation
Unacademy,Education / EdTech,https://unacademy.com,EdTech; large student reach
Physics Wallah,Education / EdTech,https://www.pw.live,EdTech with strong campus presence
Scaler,Education / EdTech,https://www.scaler.com,Tech upskilling; developer audience
Coding Ninjas,Education / EdTech,https://www.codingninjas.com,Campus-focused coding education
Ather Energy,Automotive,https://www.atherenergy.com,Electric two-wheelers; youth positioning
Ola Electric,Automotive,https://www.olaelectric.com,Electric scooters
Royal Enfield,Automotive,https://www.royalenfield.com,Motorcycles; strong youth culture association
TVS Motor,Automotive,https://www.tvsmotor.com,TVS Racing; motorsport activation history
CRED,SaaS / AI,https://cred.club,Fintech with high-profile brand campaigns
Zerodha,SaaS / AI,https://zerodha.com,Fintech; young investor audience
Groww,SaaS / AI,https://groww.in,Investment platform targeting young India
Pocket FM,Creator / Entertainment,https://pocketfm.com,Audio series platform; youth audience
Kuku FM,Creator / Entertainment,https://kukufm.com,Audio content platform
Rusk Media,Creator / Entertainment,https://www.ruskmedia.com,Youth-focused digital content studio
